"id","site","job_url","job_url_direct","title","company","location","date_posted","job_type","salary_source","interval","min_amount","max_amount","currency","is_remote","job_level","job_function","listing_type","emails","description","company_industry","company_url","company_logo","company_url_direct","company_addresses","company_num_employees","company_revenue","company_description","skills","experience_range","company_rating","company_reviews_count","vacancy_count","work_from_home_type"
"in-09f3f9af1c473c86","indeed","https://www.indeed.com/viewjob?jk=09f3f9af1c473c86","https://careers.google.com/jobs/results/74700152748548806-field-solutions-architect/","Field Solutions Architect, GenAI, Google Cloud, HCLS","Google","Raleigh, NC, US","2025-07-18","fulltime","direct_data","yearly",177000.0,263000.0,"USD",False,"","","","","Note: By applying to this position you will have an opportunity to share your preferred working location from the following: **Atlanta, GA, USA; Sunnyvale, CA, USA; Durham, NC, USA; Raleigh, NC, USA**.### **Minimum qualifications:**

* Bachelor's degree in Computer Science or equivalent practical experience.
* 8 years of experience building machine learning solutions and working with technical customers.
* Experience designing cloud enterprise solutions and supporting customer projects to completion.
* Experience coding in one or more general purpose languages (e.g., Python, Java, Go, C or C\\+\\+) including data structures, algorithms, and software design.

  

### **Preferred qualifications:**

* Experience working with recommendation engines, data pipelines, or distributed machine learning.
* Experience with deep learning frameworks (e.g., Tensorflow, pyTorch, XGBoost).
* Knowledge of data warehousing concepts, including data warehouse technical architectures, infrastructure components, ETL/ ELT and reporting/analytic tools and environments (e.g., Apache Beam, Hadoop, Spark, Pig, Hive, MapReduce, Flume).
* Understanding of the auxiliary practical concerns in production machine learning systems.

**About the job**
-----------------


The Google Cloud Consulting Professional Services team guides customers through the moments that matter most in their cloud journey to help businesses thrive. We help customers transform and evolve their business through the use of Google’s global network, web\\-scale data centers, and software infrastructure. As part of an innovative team in this rapidly growing business, you will help shape the future of businesses of all sizes and use technology to connect with customers, employees, and partners.

  


As a Generative AI Field Solutions Architect, you will play a pivotal role in supporting our Google Cloud sales organization. Your primary responsibility will be to construct prototype Generative AI applications tailored to Google Cloud customers, catering to a clientele from early stage startups to leading global enterprises.


You will leverage the latest cutting\\-edge Generative AI technologies to develop innovative solutions and validate their efficacy. You will be tasked with showcasing the latest Generative AI capabilities through direct collaboration with customers. You will be instrumental in materializing functional solutions on the Google Cloud platform.


Being at the forefront of expanding the boundaries of our Generative AI technology, you will have close collaboration with our product team to eliminate obstacles and shape the future trajectory of our offerings.


You will possess a hacker's mindset and grow in ambiguous situations, and also, you must be adept at disseminating the lessons learned to customers and internal Google teams.


Google Cloud accelerates every organization’s ability to digitally transform its business and industry. We deliver enterprise\\-grade solutions that leverage Google’s cutting\\-edge technology, and tools that help developers build more sustainably. Customers in more than 200 countries and territories turn to Google Cloud as their trusted partner to enable growth and solve their most critical business problems.


The US base salary range for this full\\-time position is $177,000\\-$263,000 \\+ bonus \\+ equity \\+ benefits. Our salary ranges are determined by role, level, and location. Within the range, individual pay is determined by work location and additional factors, including job\\-related skills, experience, and relevant education or training. Your recruiter can share more about the specific salary range for your preferred location during the hiring process.


Please note that the compensation details listed in US role postings reflect the base salary only, and do not include bonus, equity, or benefits. Learn more about benefits at Goog**Responsibilities**
--------------------

* Be a trusted technical advisor to customers and solve complex machine learning issues.
* Coach customers on the practical issues in machine learning systems: feature extraction and feature definition, data validation, monitoring, and management of features and models.
* Work with Customers, Partners, and Google Product teams to deliver tailored solutions into production.
* Create and deliver best practice recommendations, tutorials, blog articles, and sample code.
* Travel up to 30% for in\\-region meetings, technical reviews, and onsite delivery activities as needed.
Google is proud to be an equal opportunity workplace and is an affirmative action employer. We are committed to equal employment opportunity regardless of race, color, ancestry, religion, sex, national origin, sexual orientation, age, citizenship, marital status, disability, gender identity or Veteran status. We also consider qualified applicants regardless of criminal histories, consistent with legal requirements. See also Google's EEO Policy and EEO is the Law. If you have a disability or special need that requires accommodation, please let us know by completing our Accommodations for Applicants form.","","https://www.indeed.com/cmp/Google","https://d2q79iu7y748jz.cloudfront.net/s/_squarelogo/256x256/fff4be3829cee39e477a518f55475f44","http://goo.gle/3ygdkgv","Mountain View, CA","10,000+","more than $10B (USD)","Our mission is to organize the world’s information and make it universally accessible and useful. ","","","","","",""
"in-a2dd7b964623fe10","indeed","https://www.indeed.com/viewjob?jk=a2dd7b964623fe10","https://jobs.us.pwc.com/job/-/-/932/83911254944","Digital Assurance & Transparency - Artificial Intelligence - Senior Associate","PwC","Raleigh, NC, US","2025-07-18","","direct_data","yearly",72000.0,212000.0,"USD",False,"","","","","At PwC, our people in audit and assurance focus on providing independent and objective assessments of financial statements, internal controls, and other assurable information enhancing the credibility and reliability of this information with a variety of stakeholders. They evaluate compliance with regulations including assessing governance and risk management processes and related controls. Those in data, analytics and technology solutions at PwC will assist clients in developing solutions that help build trust, drive improvement, and detect, monitor, and predict risk. Your work will involve using advanced analytics, data wrangling technology, and automation tools to leverage data and focus on establishing the right processes and structures to enable our clients to make efficient and effective decisions based on accurate information that is complete and trustworthy.  

Focused on relationships, you are building meaningful client connections, and learning how to manage and inspire others. Navigating increasingly complex situations, you are growing your personal brand, deepening technical expertise and awareness of your strengths. You are expected to anticipate the needs of your teams and clients, and to deliver quality. Embracing increased ambiguity, you are comfortable when the path forward isn’t clear, you ask questions, and you use these moments as opportunities to grow.


Examples of the skills, knowledge, and experiences you need to lead and deliver value at this level include but are not limited to:

* Respond effectively to the diverse perspectives, needs, and feelings of others.
* Use a broad range of tools, methodologies and techniques to generate new ideas and solve problems.
* Use critical thinking to break down complex concepts.
* Understand the broader objectives of your project or role and how your work fits into the overall strategy.
* Develop a deeper understanding of the business context and how it is changing.
* Use reflection to develop self awareness, enhance strengths and address development areas.
* Interpret data to inform insights and recommendations.
* Uphold and reinforce professional and technical standards (e.g. refer to specific PwC tax and audit guidance), the Firm's code of conduct, and independence requirements.

  

The Opportunity  

As part of the AI Tech team you will lead teams and manage client accounts for successful project delivery. As a Senior Associate, you will analyze complex problems, mentor junior staff, and maintain standards while delivering technology\\-enabled, data\\-driven solutions. This role offers the chance to cultivate meaningful client relationships and employ strategic thinking using advanced technologies like AI and cloud solutions.  

  

Responsibilities  

* Manage auditing, consulting, and testing engagements with a focus on solution implementation
* Deliver innovative, technology\\-driven solutions utilizing data analytics
* Support strategic planning and execution of client projects
* Maintain knowledge of and compliance with current and emerging standards
* Enhance project delivery using firm methodologies, technology resources, and data visualization tools

  

What You Must Have  

* Bachelor's Degree
* 2 years of specific professional experience in one or more of the following areas: AI/ML model testing and validation, risk management, controls testing, or audit related to AI, analytics, or information systems, governance or compliance roles focused on AI, emerging technology, or digital systems
* Experience with model evaluation frameworks, testing protocols, and/or trust standards such as NIST AI Risk Management Framework or responsible AI practices
* Familiarity with the data science / AI lifecycle and related data governance, data engineering, and model deployment disciplines as well as data science /AI development technologies
* Familiarity with AI concepts, including how use cases are being applied across business functions

  

What Sets You Apart  

* Preferred Field(s) of Study: Computer Science, Data Processing/Analytics/Science, Statistics, Management Information Systems \\& Accounting, Mathematics, Physics, Economics and Finance \\& Technology, Business Administration/Management, Accounting \\& Technology, Regulatory Compliance preferred
* Leveraging an understanding of fundamental and technological risks, processes, and internal controls related to transparency, reporting, and artificial intelligence
* Knowledge of NIST, ISO and/or other leading business and risk management frameworks for AI
* Designing and developing AI governance operating models, technical standards, policies and procedures
* Operating within essential internal processes of a professional services firm
* Demonstrating knowledge of legal and regulatory landscapes relevant to AI
* Managing projects assessing governance, risk, and control programs
* Leading AI/ML and emerging technology control efforts
* Familiarity with tensorflow, pytorch, or langchain coding frameworks and Cloud platforms
* Designing AI governance operating models and policies
* Coaching teams on emerging data technologies and analytics\\-driven assessments
* Translating technical concepts for non\\-technical stakeholders
* Familiarity with the data science and AI lifecycle
* Subject matter knowledge to support the development of thought leadership
  

Learn more about how we work: https://pwc.to/how\\-we\\-work  

  

PwC does not intend to hire experienced or entry level job seekers who will need, now or in the future, PwC sponsorship through the H\\-1B lottery, except as set forth within the following policy: https://pwc.to/H\\-1B\\-Lottery\\-Policy.  

  

As PwC is an equal opportunity employer, all qualified applicants will receive consideration for employment at PwC without regard to race; color; religion; national origin; sex (including pregnancy, sexual orientation, and gender identity); age; disability; genetic information (including family medical history); veteran, marital, or citizenship status; or, any other status protected by law.  

  

For only those qualified applicants that are impacted by the Los Angeles County Fair Chance Ordinance for Employers, the Los Angeles' Fair Chance Initiative for Hiring Ordinance, the San Francisco Fair Chance Ordinance, San Diego County Fair Chance Ordinance, and the California Fair Chance Act, where applicable, arrest or conviction records will be considered for Employment in accordance with these laws. At PwC, we recognize that conviction records may have a direct, adverse, and negative relationship to responsibilities such as accessing sensitive company or customer information, handling proprietary assets, or collaborating closely with team members. We evaluate these factors thoughtfully to establish a secure and trusted workplace for all.  

  

Applications will be accepted until the position is filled or the posting is removed, unless otherwise set forth on the following webpage. Please visit this link for information about anticipated application deadlines: https://pwc.to/us\\-application\\-deadlines  

  

The salary range for this position is: $72,000 \\- $212,000, plus individuals may be eligible for an annual discretionary bonus. For roles that are based in Maryland, this is the listed salary range for this position. Actual compensation within the range will be dependent upon the individual's skills, experience, qualifications and location, and applicable employment laws. PwC offers a wide range of benefits, including medical, dental, vision, 401k, holiday pay, vacation, personal and family sick leave, and more. To view our benefits at a glance, please visit the following link: https://pwc.to/benefits\\-at\\-a\\-glance","","https://www.indeed.com/cmp/Pwc","https://d2q79iu7y748jz.cloudfront.net/s/_squarelogo/256x256/34c600d7a3b131a4c2cc1bbcde2229ab","https://www.pwc.com","New York, NY","1,001 to 5,000","$100M to $500M (USD)","At PwC, we combine people and technology to tackle the world's biggest challenges. Join us to help clients navigate change through audit, tax, and consulting, powered by tech-driven solutions.","","","","","",""
"in-dbe7484b8a314753","indeed","https://www.indeed.com/viewjob?jk=dbe7484b8a314753","https://careers.microsoft.com/us/en/job/1846701/Principal-Design-Engineer-Manager-AI-Network-Silicon?jobsource=indeed&utm_source=Job%20Board&utm_campaign=indeed-feed","Principal Design Engineer Manager - AI Network Silicon","Microsoft","Raleigh, NC, US","2025-07-17","fulltime","direct_data","yearly",139900.0,304200.0,"USD",False,"","","","","Microsoft Silicon, Cloud Hardware, and Infrastructure Engineering (SCHIE) is the team behind Microsoft’s expanding Cloud Infrastructure and responsible for powering Microsoft’s “Intelligent Cloud” mission. SCHIE delivers the core infrastructure and foundational technologies for Microsoft's over 200 online businesses including Bing, MSN, Office 365, Xbox Live, Teams, OneDrive, and the Microsoft Azure platform globally with our server and data center infrastructure, security and compliance, operations, globalization, and manageability solutions. Our focus is on smart growth, high efficiency, and delivering a trusted experience to customers and partners worldwide and we are looking for passionate engineers to help achieve that mission.


As Microsoft's cloud business continues to grow the ability to deploy new offerings and hardware infrastructure on time, in high volume with high quality and lowest cost is of paramount importance. To achieve this goal, the AI Silicon Engineering (AISiE) team is instrumental in defining and delivering operational measures of success for hardware manufacturing, improving the planning process, quality, delivery, scale and sustainability related to Microsoft cloud hardware. We are looking for engineers with a dedicated passion for customer focused solutions, insight and industry knowledge to envision and implement future technical solutions that will manage and optimize the Cloud infrastructure.


We are looking for a **Principal Design Engineer Manager \\- AI Network Silicon** to join the team.


Microsoft’s mission is to empower every person and every organization on the planet to achieve more. As employees we come together with a growth mindset, innovate to empower others, and collaborate to realize our shared goals. Each day we build on our values of respect, integrity, and accountability to create a culture of inclusion where everyone can thrive at work and beyond.**Responsibilities**
--------------------

* Establish yourself as an integral member of a digital logic design team for the development of AI components with focus on micro\\-architectural based functions and features.
* Be responsible for the logic design/Register Transfer Level (RTL) entry, design quality including Lint, Clock Domain Crossing (CDC), Reset Domain Crossing (RDC), power etc., and timing closure of high\\-performance digital IP.
* Collaborate with the verification team to ensure the implementation meets both architectural and micro\\-architectural intent.
* Interface with physical design (PD), design for test (DFT), and other teams to optimize tradeoffs within the design.
* Provide technical leadership through mentorship and teamwork.
* Embody our culture and values.

**Qualifications**
------------------

**Minimum Qualifications:**

* Doctorate in Electrical Engineering, Computer Engineering, Computer Science, or related field AND 3\\+ years technical engineering experience
	+ OR Master's Degree in Electrical Engineering, Computer Engineering, Computer Science, or related field AND 6\\+ years technical engineering experience
	+ OR Bachelor's Degree in Electrical Engineering, Computer Engineering, Computer Science, or related field AND 8\\+ years technical engineering experience
	+ OR Equivalent Experience.
* 3\\+ years expertise in digital logic design including microarchitecture specification development, RTL coding in Verilog/System Verilog, design verification collaboration, and CDC/Lint closure.
* 3\\+ years of experience in synthesis, timing constraints, power / performance / area (PPA) trade\\-offs and post\\-silicon debug.

 **Other Requirements:**
Ability to meet Microsoft, customer and/or government security screening requirements are required for this role. These requirements include, but are not limited to, the following specialized security screenings:* Microsoft Cloud Background Check: This position will be required to pass the Microsoft Cloud background check upon hire/transfer and every two years thereafter.

 **Preferred** **Qualifications:*** 9\\+ years of related technical engineering experience
	+ OR Bachelor's degree in Electrical Engineering, Computer Engineering, Computer Science, or related field AND 6\\+ years technical engineering experience or internship experience
	+ OR Master's degree in Electrical Engineering, Computer Engineering, Computer Science, or related field AND 4\\+ years technical engineering experience or internship experience
	+ OR Doctorate degree in Electrical Engineering, Computer Engineering, Computer Science, or related field AND 3\\+ years technical engineering experience.
* 15\\+ years of experience in logic design delivering complex solutions
* Successful development of High\\-Speed NIC, Networking Interface and Protocol Processing pipeline for multiple SOCs
* Understanding of various Network Topology and System level challenges to design high performance Scale up and Scale Out Networks
* Work experience of \\>100G Ethernet based Interface Architecture and Design
* Understanding of L1 to L4 layers of Network Protocol stack
* Good understanding of End\\-to\\-End Transport Protocol Architecture challenges for large scale Network (including Congestion in network, Flow Control, Topologies, Load Balancing, Traffic pattern, Uniform Latency)
* Experience leading logic design teams
* Multiple successful ASIC tape outs in deep sub\\-micron technologies
* Experience with scripting languages such as Python or Perl
* Experience debugging designs as well as simulation environment
* Knowledge of verification principles, testbenches, UVM, and coverage
* Experience working on Artificial Intelligence (AI) / Machine Learning (ML) SoCs
* Working knowledge of writing assertions, coverage and formal verification

  

Silicon Engineering M5 \\- The typical base pay range for this role across the U.S. is USD $139,900 \\- $274,800 per year. There is a different range applicable to specific work locations, within the San Francisco Bay area and New York City metropolitan area, and the base pay range for this role in those locations is USD $188,000 \\- $304,200 per year.

Certain roles may be eligible for benefits and other compensation. Find additional benefits and pay information here: US corporate pay information \\| Microsoft Careers

Microsoft will accept applications for the role until July 27th, 2025\\.  

\\#SCHIE \\#azurehwjobs
Microsoft is an equal opportunity employer. Consistent with applicable law, all qualified applicants will receive consideration for employment without regard to age, ancestry, citizenship, color, family or medical care leave, gender identity or expression, genetic information, immigration status, marital status, medical condition, national origin, physical or mental disability, political affiliation, protected veteran or military status, race, ethnicity, religion, sex (including pregnancy), sexual orientation, or any other characteristic protected by applicable local laws, regulations and ordinances. If you need assistance and/or a reasonable accommodation due to a disability during the application process, read more about requesting accommodations.","Internet And Software","https://www.indeed.com/cmp/Microsoft","https://d2q79iu7y748jz.cloudfront.net/s/_squarelogo/256x256/88813b3f866a5b58c9685073e3b87e05","http://www.microsoft.com/","One Microsoft Way Redmond, Washington 98052-6399","10,000+","more than $10B (USD)","Our mission is to empower every person and every organization on the planet to achieve more.","","","","","",""
"in-aa5aac73f6e83651","indeed","https://www.indeed.com/viewjob?jk=aa5aac73f6e83651","https://deloitteus.avature.net/careers/InviteToApply?jobId=301461","Data Science Manager, GenAI, Strategic Analytics - Data Science","Deloitte","Raleigh, NC, US","2025-07-17","fulltime","direct_data","yearly",113100.0,232300.0,"USD",False,"","","","","Deloitte is a leader in GenAI products and solutions. We are looking for a highly skilled and experienced Manager to drive the ground\\-breaking GenAI products we are creating within Strategic Analytics. The ideal candidate will have a strong background in the design and implementation of GenAI models and agents, as well as an expertise in building and maintaining front\\-end UIs. Your work will be integral to deliver on some of the most important priorities happening at Deloitte. If you seek a role that focuses on cutting edge technology, delivers solutions for executive leadership, revolutionizes the future of Finance, and prioritizes professional growth, look no further.  

  

**The team**  

  

Strategic Analytics sits within our Finance FP\\&A organization. We support the firm and business executive leaders along with our counterparts in other financial and operational roles. Our team leverages cloud computing, AI \\& data science, strategic thinking, and deep firm knowledge to support leadership's most important business decisions. Our insights are integral to driving growth into the future.  

  

GenAI is a top priority for the future of the firm. We are actively building products and solutions that will revolutionize our firm and our clients. The selected candidate would be directly involved in the success of these engagements.  

  

Specific responsibilities and qualifications for the Data Science Manager role are outlined below.  

  

Recruiting for this role ends on August 11, 2025  

  

**Work you'll do** **Core responsibilities:**  

* Lead the design, development, and implementation of GenAI models \\& agents
* Manage the creation \\& maintenance of intuitive and engaging UI/UX for analytics tools and applications
* Develop timelines, milestones, and metrics to effectively plan and execute projects
* Collaborate with firm \\& business leaders, other FP\\&A teams and other key stakeholders on project deliverables and progress
* Ensure the scalability, reliability, and performance of AI models and analytics platforms
* Manage and mentor a team of data scientists, AI engineers, and UI/UX designers
* Translate complex technical concepts and insights to non\\-technical stakeholders
* Support and build presentations on our GenAI products \\& solutions for clients and leadership
* Develop and implement best practices for AI model development, deployment, and monitoring

  

**Other responsibilities:**  

* Collaborate with cross\\-functional teams to identify new GenAI opportunities to drive business value
* Drive the strategic vision for AI and analytics within the organization, aligning with overall business goals
* Stay current with the latest advancements in GenAI, AI/ML, and UI/UX design
* Automate and streamline projects to increase efficiencies and scalability
* Support ad\\-hoc requests and investigations into the data \\& process that support our GenAI tools

  

**Qualifications**Required:  

* Bachelor's degree in AI / Data Science or a related subject
* Minimum of 5\\+ years of relevant experience
* Limited immigration sponsorship may be available
* Ability to travel 0\\-10%, on average, based on the work you do and the clients and industries/sectors you serve
* Demonstrated accomplishments in the following areas:
* + Advanced understanding of data science coding languages (Python, R, SQL)
	+ Experience developing GenAI solutions with LLMs (Llama, ChatGPT)
	+ Experience with cloud platforms (Databricks, Microsoft Azure)
	+ Experience with visualizations tools (Tableau, Power BI)
	+ Advanced in MS Office (Excel, PowerPoint, Outlook, Teams)
	+ Implementing complex AI/ML algorithms
	+ Strong project management skills
	+ Excellent problem\\-solving skills and the ability to think strategically
	+ Strong leadership and team management skills
	+ Excellent communication and interpersonal skills

  

Preferred:  

* Advanced education degree
* Certifications in GenAI, AI/ML, or UI/UX design
* Experience with front\\-end development (HTML, CSS, JavaScript, React)
* Experience in the financial services or consulting industry
* Business knowledge on financial and operational data

  

Information for applicants with a need for accommodation: https://www2\\.deloitte.com/us/en/pages/careers/articles/join\\-deloitte\\-assistance\\-for\\-disabled\\-applicants.html  

  

The wage range for this role takes into account the wide range of factors that are considered in making compensation decisions including but not limited to skill sets; experience and training; licensure and certifications; and other business and organizational needs. The disclosed range estimate has not been adjusted for the applicable geographic differential associated with the location at which the position may be filled. At Deloitte, it is not typical for an individual to be hired at or near the top of the range for their role and compensation decisions are dependent on the facts and circumstances of each case. A reasonable estimate of the current range is $113,100\\-$232,300\\.  

  

You may also be eligible to participate in a discretionary annual incentive program, subject to the rules governing the program, whereby an award, if any, depends on various factors, including, without limitation, individual and organizational performance.","","https://www.indeed.com/cmp/Deloitte","https://d2q79iu7y748jz.cloudfront.net/s/_squarelogo/256x256/b245a75ba4a28df29f8f1551ac296deb","http://www.deloitte.com","New York, NY","10,000+","more than $10B (USD)","We’re a leading professional services firm, but what makes working at Deloitte unique? When you join us, you become connected. To inspiring people. To meaningful work with fascinating clients.","","","","","",""
"in-27cf2ec57f13c215","indeed","https://www.indeed.com/viewjob?jk=27cf2ec57f13c215","https://rr.jobsyn.org/F588454A201541679AB672296F567D941554","RevOps Insights Lead","Pearson","Raleigh, NC, US","2025-07-17","fulltime","direct_data","yearly",126093.0,152062.0,"USD",False,"","","","TalentExperienceGlobalTeam@grp.pearson.com","Pearson is seeking an **Insights Lead,** to lead data\\-driven sales insights, optimize sales operations, and enhance strategic decision\\-making. This role will be a key driver in shaping and executing the company’s revenue intelligence strategy, ensuring alignment with business objectives, and enabling data\\-driven decision\\-making at all levels. The General Manager will work closely with senior stakeholders across Sales, Finance, and Business Strategy to deliver innovative insights solutions to enable sales \\& revenue growth, and operational excellence.


**Key Responsibilities**


* Implement and operationalize a data\\-driven revenue intelligence framework, ensuring seamless integration with business objectives and market dynamics.
* Translate sales and business needs into data\\-driven insights, optimizing planning, forecasting, propensity modeling, and customer targeting.
* Work closely with the Finance and business team to ensure revenue insights align with financial goals and corporate strategy.
* Establish and maintain KPI \\& insights frameworks, dashboards, and reporting structures to measure and improve revenue performance.
* Oversee the collection, integration, and governance of sales, revenue and operation intelligence data, ensuring accuracy, consistency, and accessibility.
* Identify and implement emerging technologies in AI, machine learning, and analytics to improve sales effectiveness.
* Drive AI, machine learning, and advanced analytics solutions to enhance sales effectiveness and revenue optimization.
* Build, mentor, and empower a team of analysts and data scientists, driving a culture of innovation, learning, and operational excellence.

**What We Are Looking For**


* Bachelor’s degree in computer science, Mathematics, Statistics, Engineering, or a related field.
* 8\\+ years of experience in data analytics.
* 3\\+ years of leadership experience managing teams.
* Demonstrated ability of success in influencing and leading in a large and matrixed organization
* Passion for innovation and “can do” attitude

**Working Hours and Travel**


This is a full\\-time role, with core hours Monday to Friday. You’ll also need to travel regionally and internationally as required.


**Your rewards \\& benefits**


We know you’ll do great work, so we give a lot back with some of the best benefits in the business. We know one size doesn’t fit all, so our workplace programs meet the different needs of our diverse teams, and their families, too.


**Who we are:**


At Pearson, our purpose is simple: to help people realize the life they imagine through learning. We believe that every learning opportunity is a chance for a personal breakthrough. We are the world's lifelong learning company. For us, learning isn't just what we do. It's who we are. To learn more: We are Pearson.


Pearson is an Affirmative Action and Equal Opportunity Employer and a member of E\\-Verify. We want a team that represents a variety of backgrounds, perspectives and skills. The more inclusive we are, the better our work will be. All employment decisions are based on qualifications, merit and business need. All qualified applicants will receive consideration for employment without regard to race, ethnicity, color, religion, sex, sexual orientation, gender identity, gender expression, age, national origin, protected veteran status, disability status or any other group protected by law. We strive for a workforce that reflects the diversity of our communities.


If you are an individual with a disability and are unable or limited in your ability to use or access our career site as a result of your disability, you may request reasonable accommodations by emailing TalentExperienceGlobalTeam@grp.pearson.com.


Note that the information you provide will stay confidential and will be stored securely. It will not be seen by those involved in making decisions as part of the recruitment process.


1174883
**Job:** Operations


**Job Family:** ENTERPRISE


**Organization:** Corporate Strategy \\& Technology


**Schedule:** FULL\\\\\\_TIME


**Workplace Type:**


**Req ID:** 20448


\\\\\\#location","","https://www.indeed.com/cmp/Pearson-9e5c0404","https://d2q79iu7y748jz.cloudfront.net/s/_squarelogo/256x256/8776c77ed99129184d1448bb1d9b9bd9","http://plc.pearson.com","","10,000+","Decline to state","At Pearson, our purpose is simple: to add life to a lifetime of learning. We believe that every learning opportunity is a chance for a personal breakthrough.","","","","","",""
"in-8ff29ea5accd72ce","indeed","https://www.indeed.com/viewjob?jk=8ff29ea5accd72ce","https://jobs.ourcareerpages.com/job/949308~Primary~14640051?source=Indeed","Associate General Counsel","MCGOUGH CONSTRUCTION","Raleigh, NC, US","2025-07-16","","direct_data","yearly",150598.0,201946.0,"USD",False,"","","","","McGough is a respected partner that brings six generations of experience to high profile, unique and complex construction projects. We take great pride in our people and their extraordinary expertise in planning, development, construction and facility management. McGough employee tenure reflects the commitment and pride we share in our work. Ask anyone who knows us \\- the caliber of our people sets us apart.


**ASSOCIATE GENERAL COUNSEL**



The Associate General Counsel will be located in our Raleigh, North Carolina office, will provide comprehensive legal support to our company and be responsible for review, maintenance, negotiation and administration of contracts and contract related documents, as well as advising internal teams with regard to a variety of legal, risk management, and compliance related matters.


**Qualifications:**


**Required:**


* Juris Doctorate degree
* Current law license
* 5\\+ years corporate legal or law firm experience with emphasis in construction contract review/negotiation or construction litigation
* Experience with construction related insurance and surety
* Specialization in legal issues for construction projects undertaken for federal and state governments
* Excellent critical thinking and organizational skills
* High degree of responsiveness
* Advanced written and oral communication, contract drafting, and negotiation skills
* Strong business judgment, problem\\-solving capabilities, and analytical ability
* Results oriented with strong attention to detail
* Willingness and ability to manage shifting priorities, multiple responsibilities, and take on new responsibilities as necessary
* Ability to handle sensitive information in a confidential manner
* Comfortable engaging with construction professionals to gain insight and knowledge of the construction industry
* Outstanding personal communications skills, good business judgment, and sensitivity to company’s systems and cultures


**Preferred:**


* Experience with standard construction industry contracts (AIA, Consensus Docs, etc.) and understanding of construction\\-related activities
* Experience with government contracting processes and compliance for construction, including negotiations, contract performance, documentation and notice requirements for federal and state government entities
* Flexibility and willingness to learn the business while working on a broad range of contract, insurance, and corporate legal matters
* Familiarity with FAR, GSAR, and other relevant agency acquisition regulations, including procurement and bidding
* Experience working on construction defect and other insurance related matters
* Experience with machine learning technology


**Office and Travel:**



Located out of Raleigh, North Carolina office, but will be a member of the larger legal team located in St. Paul, Minnesota (McGough Headquarters). Must be willing to travel approximately \\~15% to 20%, or approximately 1 trip per month, including initial longer trip to St. Paul, Minnesota for onboarding.


**Job Responsibilities:**


* Review Owner and Subcontractor Agreements at various stages of a project and identify potential issues (will include the willingness to learn and leverage leading\\-edge contract reviewing technology)
* Negotiate contract terms with Owners and Subcontractors to ensure alignment with company policies and risk tolerance
* Research, educate and advise on administrative policies impacting state and federal government contracting
* Prepare and manage Owner Contracts and related documents using AIA software
* Review non\\-standard contract modifications from Subcontractors
* Assist with coordination of project specific insurance and surety requirements for North Carolina based projects including:
	+ Builders’ Risk Insurance
	+ Surety Bonds
	+ Subcontractor Default Insurance
	+ Contractor or Owner Controlled Insurance Programs
	+ Other insurance placements outside of McGough’s standard insurance program
* Assist with various claims (General Liability, Construction Defect, Subcontractor Defaults, etc.) as necessary
* Effectively collaborate with external legal counsel
* Assist with other corporate legal matters as necessary
* Educate and advise in business decisions and communications with external clients and customers
* Evaluate and assist in development and implementation of formal company policies
* Review, analyze, and negotiate various legal business documents
* Effectively utilize internal and external resources and continuously improve administrative processes that assist the department in providing services to the company
* Train and educate internal project teams


**Physical Requirements:**



The physical requirements listed here are representative of those that must be met by an employee to successfully perform the essential functions of this job. Reasonable accommodations may be made to enable individuals with disabilities to perform the essential functions.



Position involves sitting for extended periods of time at employee’s work station and during meetings. Employee needs to be able to lift up to 20 pounds as frequently as needed to move objects; dexterity to write and manipulate computer keyboard and mouse; ability to hear and speak clearly; and ability to distinguish between colors on graphs and charts.","Construction","https://www.indeed.com/cmp/Mcgough-Construction","","http://www.mcgough.com","2737 Fairview Ave. N.
St. Paul MN, United States 55113","501 to 1,000","$25M to $100M (USD)","","","","","","",""
"in-b9961ec891fd9ce7","indeed","https://www.indeed.com/viewjob?jk=b9961ec891fd9ce7","https://wgu.wd5.myworkdayjobs.com/en-US/External/job/Raleigh-NC/Decision-Scientist_JR-022340","Decision Scientist","Western Governors University","Raleigh, NC, US","2025-07-16","fulltime","direct_data","yearly",106700.0,165400.0,"USD",False,"","","","recruiting@wgu.edu","If you’re passionate about building a better future for individuals, communities, and our country—and you’re committed to working hard to play your part in building that future—consider WGU as the next step in your career.
Driven by a mission to expand access to higher education through online, competency\\-based degree programs, WGU is also committed to being a great place to work for a diverse workforce of student\\-focused professionals. The university has pioneered a new way to learn in the 21st century, one that has received praise from academic, industry, government, and media leaders. Whatever your role, working for WGU gives you a part to play in helping students graduate, creating a better tomorrow for themselves and their families.
The salary range for this position takes into account the wide range of factors that are considered in making compensation decisions including but not limited to skill sets; experience and training; licensure and certifications; and other business and organizational needs.
At WGU, it is not typical for an individual to be hired at or near the top of the range for their position, and compensation decisions are dependent on the facts and circumstances of each case. A reasonable estimate of the current range is:  

Grade: Professional 312
Pay Range: $106,700\\.00 \\- $165,400\\.00
Job Description  

Location: Raleigh, North Carolina
Summary  

The Decision Scientist has a key role within the Experiential Product team and is responsible for developing decision models that support student experiences throughout the lifecycle. This role blends expertise in data science, behavioral/decision science, and data engineering to design, build, monitor, and continuously improve models within the decision intelligence system that trigger recommendations to students, staff, or faculty to drive actions that improve student success. The Decision Scientist collaborates closely with the decision intelligence product lead, technology lead, business SMEs, software and data engineering, ML Ops, and technology architects to build decision products that support personalized student progress and completion, drive automated solutions for operational efficiency and scale, and ensure that decisions are data\\-informed, equitable, and actionable.
Primary Responsibilities* Designs and implements machine learning models that enable recursive learning and support key decision points across the student lifecycle.
* Deeply understands requirements, decision points, behavioral or process goals, and success criteria to translate them into model specifications.
* Ensures data inputs and outputs for decision models are structured, connected, and monitored appropriately.
* Partners with Data Engineering to develop data pipelines and operational workflows required to support decision models in production environments.
* Applies best practices in MLOps to monitor, retrain, and update models for sustained relevance and performance.
* Develops dashboards, visualizations, and communication tools that present model insights to non\\-technical audiences.
* Documents decision models, assumptions, data dependencies, and feedback loops to ensure transparency and reuse.
* Ensures models are interpretable and auditable to align with institutional goals of fairness and accountability.
* Identifies opportunities to apply advanced analytics, causal inference, and experimentation to improve student experiences.
* Performs other job\\-related duties as assigned.


This job description includes a general representation of job requirements rather than a comprehensive inventory of all required responsibilities or work activities. The contents of this document or related job requirements may change at any time with or without notice.
Qualifications
Knowledge, Skills, and Abilities* Strong background with demonstrated results in data science, including supervised and unsupervised learning, model selection, and evaluation.
* Working knowledge of MLOps tools and practices (e.g., CI/CD for ML, model monitoring, model drift detection).
* Moderate experience in data engineering practices, especially around data ingestion, transformation, and orchestration pipelines.
* Ability to map and model decision points with inputs, alternatives, outcomes, and feedback mechanisms.
* Experience incorporating behavioral signals and goals into decision frameworks.
* Proficiency in Python or R and experience with ML frameworks such as scikit\\-learn, TensorFlow, or PyTorch.
* Experience working with cloud platforms and deploying models in production (e.g., AWS, Azure, GCP).
* Familiarity with version control systems and collaborative development (e.g., Git, GitHub).
* Excellent communication and collaboration skills to bridge technical and non\\-technical audiences.
* Experience in higher education or a mission\\-driven environment is a plus.


Education* Bachelor’s degree in quantitative fields such as Computer Science, Data Science, Statistics, Engineering, Behavioral Sciences, or related discipline.


Experience* 5 or more years of experience in data science, decision intelligence, or analytics.
* 2 or more years of specific experience in applied machine learning and data pipeline development.
* Experience in designing data\\-driven decision frameworks and deploying ML models in production environments.
* Experience designing or working with decision models or frameworks that influence targeted human behaviors.


Experience in lieu of education
Equivalent relevant experience performing the essential functions of this job may substitute for education degree requirements. Generally, equivalent relevant experience is defined as 1 year of experience for 1 year of education and is the discretion of the hiring manager.
Preferred Qualifications* Master’s degree in related field preferred.


Additional Qualifications* This position is based in the Raleigh office.
* Additional travel will be required for College Meetings to support networking toward innovation and thought leadership.


\\#LI\\-JW1
Position \\& Application Details
Full\\-Time Regular Positions (classified as regular and working 40 standard weekly hours): This is a full\\-time, regular position (classified for 40 standard weekly hours) that is eligible for bonuses; medical, dental, vision, telehealth and mental healthcare; health savings account and flexible spending account; basic and voluntary life insurance; disability coverage; accident, critical illness and hospital indemnity supplemental coverages; legal and identity theft coverage; retirement savings plan; wellbeing program; discounted WGU tuition; and flexible paid time off for rest and relaxation with no need for accrual, flexible paid sick time with no need for accrual, 11 paid holidays, and other paid leaves, including up to 12 weeks of parental leave.
How to Apply: If interested, an application will need to be submitted online. Internal WGU employees will need to apply through the internal job board in Workday.
Additional Information
Disclaimer: The job posting highlights the most critical responsibilities and requirements of the job. It’s not all\\-inclusive.
Accommodations: Applicants with disabilities who require assistance or accommodation during the application or interview process should contact our Talent Acquisition team at recruiting@wgu.edu.
Equal Employment Opportunity: All qualified applicants will receive consideration for employment without regard to any protected characteristic as required by law.","","https://www.indeed.com/cmp/Western-Governors-University","https://d2q79iu7y748jz.cloudfront.net/s/_squarelogo/256x256/a9b4651e94a6f2cc4ca08a0ff2f0feb6","https://www.wgu.edu","Salt Lake City, UT","5,001 to 10,000","$500M to $1B (USD)","We’re looking for people who want to make a difference, at a university that’s making a difference by rewriting the rules of higher education to put students’ lives first.","","","","","",""
"in-9d31e56e4cc90ba8","indeed","https://www.indeed.com/viewjob?jk=9d31e56e4cc90ba8","https://job-boards.greenhouse.io/spotonproduct/jobs/6651801003","Software Engineering Manager (Data/AI)","SpotOn Transact","Raleigh, NC, US","2025-07-16","fulltime","direct_data","yearly",147000.0,220000.0,"USD",False,"","","","","At SpotOn, we’re helping restaurants and small businesses compete and win with flexible payment and software technology—backed by real people who really care. From seamless point\\-of\\-sale systems to integrated restaurant management solutions, every SpotOn tool is designed to help local businesses increase profits and create better experiences for their customers and employees.



Recently, SpotOn was:


* Named one of Fast Company’s Most Innovative Companies of 2024
* Awarded Great Places to Work and Built In’s Best Workplaces for the third year in a row
* Selected as the Best Overall Restaurant POS by NerdWallet
* Rated the top\\-rated point\\-of\\-sale (POS) for restaurants, bars, retail, and small businesses by Capterra users


We’re committed to caring hard and moving fast so that we can continue to grow and make a positive impact together.



That’s where you come in.

**Engineering Manager**



Our Business Owner group is focused on building world\\-class restaurant reporting systems tailored to provide unique insights to restaurant operators. You will work on building and supporting accurate, real time systems that guide restaurant operators to excellence. As an Engineering Manager, you are a leader who can drive teams to their optimal output while cultivating a strong team culture and ensuring the growth of each and every member of your squad. You recognize the advantage AI provides teams and drive them to optimize their utilization of new models \\& tools. Specifically, we are looking for an Engineering Manager who can:


* Drive adoption of Agentic AI to improve the team’s efficiency
* Provide oversight and leadership on technical direction
* Lead with empathy
* Collaborate well with others
* Effectively manage cross\\-team dependencies


Whether it’s working directly with developers on their architecture, doing people management, or influencing broader leadership decisions, you are able to keep an eye on our North Star and guide everyone toward those goals. We are solving problems of scale in a rapidly changing environment to help small businesses compete and win.



As an **Engineering Manager** in Business Owner, you will help teams deliver systems that are critical to restaurant operations, including payment transitions through to order fulfillment.


**Responsibilities:**


* Drive adoption of Agentic AI to improve the team’s efficiency
* Keep your teams focused and engaged on the mission
* Maintain a rapid release cadence and informative/useful product backlog
* Uphold a standard of timely and lossless communication
* Build the trust of the individual contributors on your teams
* Work with leaders across, Product, Engineering, Operations.
* Aggressively engage in performance management including coaching and mentoring team members
* Optimize how your team works to reduce time to value (see first bullet on AI)
* Preserve our engineering values of quality, scalability, and maintainability
* “See around corners” — identify blind spots and prioritize work across teams
* Work with international teams to ensure successful product development and delivery
* Own the overall architecture and systems engineering for your products
  


**Qualifications:**


* Exceptional communication and organizational skills (including project management and expectation setting)
* Experience recruiting for and building software engineering teams
* The ability to inspire and motivate team members
* A strong technical background in software engineering and architecture, and experience with modern programming languages and frameworks
* 8\\+ years of software development experience
* 2\\+ years of experience managing software teams (as a Team Lead or a Manager) or similar experience as an individual contributor.


***Reporting Tech Stack***


* Kafka
* Golang
* Node.js
* Javascript / React/Typescript
* PostgreSQL
* Clickhouse
* Kubernetes
* AWS


**Compensation:**


* Our base pay range is $147,000 \\-$220,000 for this role
* Please note the salary range listed is just one component of a competitive compensation package which includes a company stock plan
* Offers will be reflective of the candidate’s location and experience.


**Benefits:**



At SpotOn, we put people above everything else. We’re known for our innovative software and technology solutions, but we stand out because of the hard\\-working humans behind the tech. We can’t take care of our clients without taking care of our employees first, and that’s why we invest in you with a competitive benefits package which includes:


* Medical, Dental and Vision Insurance
* 401k with company match
* RSUs
* Paid vacation, 10 company holidays, sick time, and volunteer time off
* Employee Resource Groups to build community and inclusion at work
* Monthly cell phone and internet stipend
* Tuition reimbursement for up to $2,000 per calendar year to assist with your professional development


*SpotOn is an equal employment opportunity employer. Qualified candidates are considered for employment without regard to race, religion, gender, gender identity, sexual orientation, national origin, age, military or veteran status, disability, or any other characteristic protected by applicable law.*



SpotOn is an e\\-verify company.","","https://www.indeed.com/cmp/Spoton-Transact","","","","","","","","","","","",""
"in-fa28c3ceae9bd726","indeed","https://www.indeed.com/viewjob?jk=fa28c3ceae9bd726","https://grnh.se/s19bxbmp3us","Software Engineering Manager (Data/AI)","SpotOn: Product","Raleigh, NC, US","2025-07-16","","direct_data","yearly",147000.0,220000.0,"USD",False,"","","","","At SpotOn, we're helping restaurants and small businesses compete and win with flexible payment and software technology—backed by real people who really care. From seamless point\\-of\\-sale systems to integrated restaurant management solutions, every SpotOn tool is designed to help local businesses increase profits and create better experiences for their customers and employees.



Recently, SpotOn was:


* Named one of Fast Company's Most Innovative Companies of 2024
* Awarded Great Places to Work and Built In's Best Workplaces for the third year in a row
* Selected as the Best Overall Restaurant POS by NerdWallet
* Rated the top\\-rated point\\-of\\-sale (POS) for restaurants, bars, retail, and small businesses by Capterra users


We're committed to caring hard and moving fast so that we can continue to grow and make a positive impact together.



That's where you come in.

**Engineering Manager**



Our Business Owner group is focused on building world\\-class restaurant reporting systems tailored to provide unique insights to restaurant operators. You will work on building and supporting accurate, real time systems that guide restaurant operators to excellence. As an Engineering Manager, you are a leader who can drive teams to their optimal output while cultivating a strong team culture and ensuring the growth of each and every member of your squad. You recognize the advantage AI provides teams and drive them to optimize their utilization of new models \\& tools. Specifically, we are looking for an Engineering Manager who can:


* Drive adoption of Agentic AI to improve the team's efficiency
* Provide oversight and leadership on technical direction
* Lead with empathy
* Collaborate well with others
* Effectively manage cross\\-team dependencies


Whether it's working directly with developers on their architecture, doing people management, or influencing broader leadership decisions, you are able to keep an eye on our North Star and guide everyone toward those goals. We are solving problems of scale in a rapidly changing environment to help small businesses compete and win.



As an **Engineering Manager** in Business Owner, you will help teams deliver systems that are critical to restaurant operations, including payment transitions through to order fulfillment.


**Responsibilities:**


* Drive adoption of Agentic AI to improve the team's efficiency
* Keep your teams focused and engaged on the mission
* Maintain a rapid release cadence and informative/useful product backlog
* Uphold a standard of timely and lossless communication
* Build the trust of the individual contributors on your teams
* Work with leaders across, Product, Engineering, Operations.
* Aggressively engage in performance management including coaching and mentoring team members
* Optimize how your team works to reduce time to value (see first bullet on AI)
* Preserve our engineering values of quality, scalability, and maintainability
* ""See around corners"" — identify blind spots and prioritize work across teams
* Work with international teams to ensure successful product development and delivery
* Own the overall architecture and systems engineering for your products
  


**Qualifications:**


* Exceptional communication and organizational skills (including project management and expectation setting)
* Experience recruiting for and building software engineering teams
* The ability to inspire and motivate team members
* A strong technical background in software engineering and architecture, and experience with modern programming languages and frameworks
* 8\\+ years of software development experience
* 2\\+ years of experience managing software teams (as a Team Lead or a Manager) or similar experience as an individual contributor.


***Reporting Tech Stack***


* Kafka
* Golang
* Node.js
* Javascript / React/Typescript
* PostgreSQL
* Clickhouse
* Kubernetes
* AWS


**Compensation:**


* Our base pay range is $147,000 \\-$220,000 for this role
* Please note the salary range listed is just one component of a competitive compensation package which includes a company stock plan
* Offers will be reflective of the candidate's location and experience.


**Benefits:**



At SpotOn, we put people above everything else. We're known for our innovative software and technology solutions, but we stand out because of the hard\\-working humans behind the tech. We can't take care of our clients without taking care of our employees first, and that's why we invest in you with a competitive benefits package which includes:


* Medical, Dental and Vision Insurance
* 401k with company match
* RSUs
* Paid vacation, 10 company holidays, sick time, and volunteer time off
* Employee Resource Groups to build community and inclusion at work
* Monthly cell phone and internet stipend
* Tuition reimbursement for up to $2,000 per calendar year to assist with your professional development


*SpotOn is an equal employment opportunity employer. Qualified candidates are considered for employment without regard to race, religion, gender, gender identity, sexual orientation, national origin, age, military or veteran status, disability, or any other characteristic protected by applicable law.*



SpotOn is an e\\-verify company.","","https://www.indeed.com/cmp/Spoton-Product","","","","","","","","","","","",""
"in-2bf3834e086f5566","indeed","https://www.indeed.com/viewjob?jk=2bf3834e086f5566","http://www.indeed.com/job/genai-data-scientist-engineer-2bf3834e086f5566","GenAI Data Scientist Engineer","Dataquad INC","Raleigh, NC, US","2025-07-16","contract","direct_data","hourly",44.0,53.0,"USD",False,"","","","","**About the Role**

As a Senior Data Scientist I, you will leverage your advanced analytical skills to extract insights from complex datasets. Your expertise will drive data\\-driven decision\\-making and contribute to the development of innovative solutions. You will collaborate with cross\\-functional teams to enhance business strategies and drive growth through actionable data analysis.

* **Responsibilities**
* Leading the development of advanced AI and machine learning models to solve complex business problem
* Working closely with other data scientists and engineers to design, develop, and deploy AI solutions
* Collaborating with cross\\-functional teams to ensure AI solutions are aligned with business goals and customer needs
* Building models, performing analytics, and creating AI features
* Mentoring junior data scientists and provide guidance on AI and machine learning best practices
* Working with product leaders to apply data science solutions
* Possessing quality, cleansing, structuring for downstream processing
* Design accurate and scalable prediction algorithms
* Collaborate with engineering team to bring analytical prototypes to production
* Generate actionable insights for business improvements

**Qualifications**

* Bachelor's degree or equivalent experience in quantitative field (Statistics, Mathematics, Computer Science, Engineering, etc.)
* At least 1 \\- 2 years' of experience in quantitative analytics or data modeling
* Deep understanding of predictive modeling, machine\\-learning, clustering and classification techniques, and algorithms
* Fluency in a programming language (Python, C,C\\+\\+, Java, SQL)
* Familiarity with Big Data frameworks and visualization tools (Cassandra, Hadoop, Spark, Tableau)

Job Type: Contract

Pay: $44\\.15 \\- $53\\.17 per hour

Schedule:

* 8 hour shift

Application Question(s):

* Are you local for this position ?
* Are you okay to work on W2/1099?
* How far you are from Raleigh, NC?

Experience:

* LLM : 5 years (Required)
* GenAI : 5 years (Required)
* (Python, C,C\\+\\+, Java, SQL): 5 years (Required)
* (Cassandra, Hadoop, Spark, Tableau): 5 years (Required)

Work Location: On the road","","https://www.indeed.com/cmp/Dataquad-Inc","","","","","","","","","","","",""
"in-34e4328367906b33","indeed","https://www.indeed.com/viewjob?jk=34e4328367906b33","https://relx.wd3.myworkdayjobs.com/en-US/LexisNexisLegal/job/Raleigh-NC/Manager-Data-Science_R97929-1","Manager Data Science","LexisNexis Legal & Professional","Raleigh, NC, US","2025-07-15","fulltime","","","","","",True,"","","","","Are you looking to develop your Data Scientist career?
Do you enjoy coaching others to achieve high standards?
Join us in shaping a more just world.
About Us:
LexisNexis, a part of RELX, is a leading global provider of legal, regulatory, and business information. We help customers increase productivity and improve decision\\-making and outcomes. Our 10,500 experts and innovative tools help us shape a better world for our customers and communities.
About the Role:
As a Manager, Data Science, you will become a subject matter expert, defining projects and their execution. Leading small teams of indirect reports, you'll influence and mentor teams in best practices and methodologies.
For this role, we are seeking candidates who are highly experienced inleading the development and deployment of advanced AI and machine learning models. The ideal candidate will have a deep understanding of machine learning algorithms, experience working with large datasets, and a track record of delivering high\\-quality results. You will be working closely with other data scientists and engineers to design, develop, and deploy cutting\\-edge AI solutions.
Responsibilities:* Leading the development of advanced AI and machine learning models to solve complex business problems
* Working closely with other data scientists and engineers to design, develop, and deploy AI solutions
* Collaborating with cross\\-functional teams to ensure AI solutions are aligned with business goals and customer needs
* Analyzing large datasets to identify patterns and trends that can inform AI development
* Communicating findings and insights to stakeholders in a clear and concise manner
* Staying current with the latest AI and machine learning trends and technologies
* Mentoring junior data scientists and provide guidance on AI and machine learning best practices
* Driving best practices across our data science functions
* Setting strategy and team direction, with a clear vision for Data Science
* Working with product leaders to apply data science solutions.
* Evaluating and creating new frameworks and defining methodologies and governance
* Leading small\\- to medium\\-sized teams (direct or indirect)
* Setting a high\\-bar for model development


Requirements:* Have substantial experience in a senior data scientist role
* Have experience in leading complex projects and customer relationships
* Have significant experience in managing larger Technical teams (direct or indirect)
* Have experience in mentoring or training others, acting as a subject matter expert to guide colleagues
* Be a natural problem solver, able to take a lead in collaborating to resolve issues
* Have excellent communication skills and the ability to convey information clearly to senior stakeholders


Highly Desired Skills and Experience:* PhD or Master's degree in Computer Science, Mathematics, Statistics, or a related field
* 7\\-10\\+ years of experience in AI and machine learning
* Deep understanding of machine learning algorithms, including deep learning, gradient boosting, and random forests
* Experience working directly with large language models and Transformer based architectures including BERT, RoBERTa, T5 etc.
* Working knowledge of applying recent LLMs including ChatGPT, GPT 3\\.5, OPT, BLOOM, etc.
* Experience with reinforcement learning, prompt engineering, hallucination mitigation
* Working understanding of the business risks associated with applying LLM in a business
* Experience working with large datasets and distributed computing systems (e.g., Hadoop, Spark)
* Strong coding skills in Python or another programming language
* Excellent communicator, with the ability to translate complex technical concepts to non\\-technical stakeholders
* Strong problem\\-solving skills and the ability to think outside the box


Work in a way that works for you:
We promote a healthy work/life balance across the organization, with various flexible and remote working options available to employees
Working with Us:
LexisNexis Legal \\& Professional is proud to be an equal\\-opportunity employer. We are committed to equal opportunity employment regardless of race, color, ancestry, religion, sex, national origin, sexual orientation, age, citizenship, marital status, disability, gender identity or Veteran status. Together, we are building a diverse and inclusive workplace.
Working for you:
We believe in a healthy work/life balance. We know that your well\\-being and happiness are key to a long and successful career. These are some of the benefits we are delighted to offer:  

  

* Comprehensive, multi\\-carrier health plan benefits
* Disability insurance
* Dependent care and commuter spending accounts
* Life and accident insurance
* Retirement benefits (salary investment plan/employer stock purchase plan)
* Modern family benefits, including adoption and surrogacy

About our Team:
LexisNexis is a data and analytics company with 10,500 colleagues serving customers in more than 150 countries. We’re one of the largest information and analytics companies on the planet. We design solutions that help our customers increase productivity, improve decision\\-making and outcomes, and be more successful.
We are committed to providing a fair and accessible hiring process. If you have a disability or other need that requires accommodation or adjustment, please let us know by completing our Applicant Request Support Form or please contact 1\\-855\\-833\\-5120\\.
Criminals may pose as recruiters asking for money or personal information. We never request money or banking details from job applicants. Learn more about spotting and avoiding scams here.
Please read our Candidate Privacy Policy.
We are an equal opportunity employer: qualified applicants are considered for and treated during employment without regard to race, color, creed, religion, sex, national origin, citizenship status, disability status, protected veteran status, age, marital status, sexual orientation, gender identity, genetic information, or any other characteristic protected by law.*USA Job Seekers:*
EEO Know Your Rights.","","https://www.indeed.com/cmp/Lexisnexis-Legal-&-Professional-1","https://d2q79iu7y748jz.cloudfront.net/s/_squarelogo/256x256/257756a3e9e63009057b6485e121ebb9","https://www.lexisnexis.com/careers","New York, NY","10,000+","$1B to $5B (USD)","LexisNexis is a leading global provider of legal research. Join us in shaping a more just world through innovation & dedication at work and in the community. #LexisNexis","","","","","",""
"in-a2ebc47c2daac70a","indeed","https://www.indeed.com/viewjob?jk=a2ebc47c2daac70a","https://jsv3.recruitics.com/redirect?rx_cid=998&rx_jobId=R0632327_1006&rx_url=https%3A%2F%2Fjobs.cvshealth.com%2Fus%2Fen%2Fjob%2FR0632327_1006%2FLead-Director-Software-Development-Engineering-Rebates%3Frx_campaign%3Dindeed0%26rx_ch%3Djobp4p%26rx_group%3D103511%26rx_id%3Db3d4196f-6276-11f0-bb0b-3136f8b67e4d%26rx_job%3DR0632327_1006%26rx_medium%3Dcpc%26rx_r%3Dnone%26rx_source%3DIndeed%26rx_ts%3D20250718T120043Z%26rx_vp%3Dcpc%26utm_campaign%3D%26utm_source%3DIndeedPPCOrg","Lead Director, Software Development Engineering - Rebates","CVS Health","Raleigh, NC, US","2025-07-14","fulltime","direct_data","yearly",144200.0,288400.0,"USD",True,"","","","","At CVS Health, we’re building a world of health around every consumer and surrounding ourselves with dedicated colleagues who are passionate about transforming health care.


As the nation’s leading health solutions company, we reach millions of Americans through our local presence, digital channels and more than 300,000 purpose\\-driven colleagues – caring for people where, when and how they choose in a way that is uniquely more connected, more convenient and more compassionate. And we do it all with heart, each and every day.

**Job Purpose and Summary**:


The Lead Director, Technology will manage the software engineering and product management teams in the organization that develops and operates the systems and processes for PBM rebates for CVS Health. The Lead Director will collaborate with the business stakeholders, vendors, and external partners to align the technology solutions with the strategic goals and objectives.


This role will focus on delivery of all of rebates strategic ‘Grow’ initiatives as well as the build out of and migration from legacy applications into the new rebates platform. Approximately $3,000,000 project portfolio.


Successful candidate will be responsible for overseeing strategic initiatives and ensuring the successful execution of engineering programs. This role requires a visionary leader with a strong technical background, exceptional management skills, and the ability to collaborate effectively with cross\\-functional teams.


\\*\\*\\*We will consider remote USA for this role

**Responsibilities:**

* Provide direction and guidance to the technology teams that work on rebates software products and applications in the ‘grow’
* space.
* Manage the delivery of IT \\-Rebates Grow initiatives, ensuring the quality, design, timeliness, and budget adherence, and
* meeting the key OKRs (Objectives and Key Results) and KPIs (Key Performance Indicator).
* Manage the IT budget, resources, and vendors delivering the IT projects and services in alignment with OKRs
* Establish and maintain effective communication and collaboration with the business stakeholders, vendors, and external
* partners, meeting the business requirements and expectations, and resolving any issues or escalations.
* Drive the innovation and continuous improvement solutions, leveraging best practices, industry trends, and emerging
* technologies.

**Required Qualifications**:

* 10 \\+ years of leadership experience in matrixed organization spanning technical leadership and application development
* 7 \\+ years of leading full\\-stack engineering teams or similar experience including defining and leading the execution of the long\\-term technology strategy management and delivery
* 5 \\+ years of experience in the following tech stack: Angular, TypeScript, SpringBoot, Java, Kotlin and test Frameworks (Jest, Karma, Jasmine, Selenium, Protractor) and CI/CD tool (Jenkins, Github actions, Concourse, Circle CI), Informatica and mainframes.
* 5\\+ years of experience leading with deployment/modernization of applications to cloud platforms such as GCP, Azure, AWS, API Design \\& Development and Microservices Architecture
* 5 \\+ years of Fiscal Management of capital and operating expense budgets
* 7 \\+ years of partnering across the organization and lead enterprise initiatives.

**Preferred Qualifications**:

* 15\\+ progressive years in enterprise level software delivery in high impact business areas.
* Collaborate with engineering teams on setting technical direction and ensure alignment with our technology strategy
* Drive scale \\& reuse by leveraging platforms and capabilities
* Technology research and innovation to develop long term roadmap based on emerging trends in healthcare and digital technologies with a hands\\-on, roll up your sleeves collaborative style of working
* Strong fundamental understanding of data analytics planforms and data pipelines
* The ability to inspire your organization to deliver quality software solutions
* Lead, manage and grow multiple teams of product focused software engineers in modernizing our platform and core capabilities
* Embrace and incubate emerging technology and open\\-source products across all platforms
* Work in a startup mindset to modernize our existing tech stacks
* Collaborate with internal teams to find areas of opportunities for automation and machine learning
* Partner with architects, product owners, and software engineers to drive the implementation of new solutions and applications
* Work within and across Agile teams to design, develop, test, implement, and support technical solutions across mobile and web full\\-stack development tools and technologies
* Lead efforts to deploy new and existing applications into cloud environments – AWS, GCP and Azure
* Conduct design and code review to ensure compliance with standards
* Encourage innovation, implementation of cutting\\-edge technologies, inclusion, outside\\-of\\-the\\-box thinking, teamwork, self\\-organization, and diversity
* Develop proof of concepts and ensure their successful transition to production, maintaining the highest standards of security and quality
* Strong knowledge and experience in IT vendor management, and IT service management methodologies and frameworks.
* Demonstrated leadership through transformation initiatives
* Proven experience in a product led transformation and mature operations.
* Strong people leadership capabilities with a strong ability to build a high performing team through formal training, diverse assignments, coaching, mentoring, and other techniques.
* Strong communication, collaboration, and stakeholder management skills, with the ability to influence and negotiate at all levels.
* Strong analytical, problem\\-solving, and decision\\-making skills, with the ability to drive innovation and continuous improvement.

**Education:**


Bachelor's Degree or equivalent work experience. Master's Degree Preferred

**Pay Range**


The typical pay range for this role is:


$144,200\\.00 \\- $288,400\\.00  

This pay range represents the base hourly rate or base annual full\\-time salary for all positions in the job grade within which this position falls. The actual base salary offer will depend on a variety of factors including experience, education, geography and other relevant factors. This position is eligible for a CVS Health bonus, commission or short\\-term incentive program in addition to the base pay range listed above. This position also includes an award target in the company’s equity award program.

  

Our people fuel our future. Our teams reflect the customers, patients, members and communities we serve and we are committed to fostering a workplace where every colleague feels valued and that they belong.

**Great benefits for great people**


We take pride in our comprehensive and competitive mix of pay and benefits – investing in the physical, emotional and financial wellness of our colleagues and their families to help them be the healthiest they can be. In addition to our competitive wages, our great benefits include:

* **Affordable medical plan options,** a **401(k) plan** (including matching company contributions), and an **employee stock purchase plan**.
* **No\\-cost programs for all colleagues** including wellness screenings, tobacco cessation and weight management programs, confidential counseling and financial coaching.
* **Benefit solutions that address the different needs and preferences of our colleagues** including paid time off, flexible work schedules, family leave, dependent care resources, colleague assistance programs, tuition assistance, retiree medical access and many other benefits depending on eligibility.


For more information, visit https://jobs.cvshealth.com/us/en/benefits


We anticipate the application window for this opening will close on: 08/16/2025
Qualified applicants with arrest or conviction records will be considered for employment in accordance with all federal, state and local laws.","","https://www.indeed.com/cmp/CVS-Health","https://d2q79iu7y748jz.cloudfront.net/s/_squarelogo/256x256/ef487bd4918a595f3e86081a6c389d41","https://jobs.cvshealth.com","Woonsocket, RI","10,000+","more than $10B (USD)","CVS Health is a pharmacy innovation company with a simple and clear purpose: Helping people on their path to better health.","","","","","",""
"in-0acf8a16a77f3c9d","indeed","https://www.indeed.com/viewjob?jk=0acf8a16a77f3c9d","https://jsv3.recruitics.com/redirect?rx_cid=998&rx_jobId=R0634025_1026&rx_url=https%3A%2F%2Fjobs.cvshealth.com%2Fus%2Fen%2Fjob%2FR0634025_1026%2FSr-Data-Scientist-MLOps-Engineer%3Frx_campaign%3Dindeed0%26rx_ch%3Djobp4p%26rx_group%3D103511%26rx_id%3D0819bcc7-6277-11f0-bb0b-179fb8db3bde%26rx_job%3DR0634025_1026%26rx_medium%3Dcpc%26rx_r%3Dnone%26rx_source%3DIndeed%26rx_ts%3D20250718T120043Z%26rx_vp%3Dcpc%26utm_campaign%3D%26utm_source%3DIndeedPPCOrg","Sr Data Scientist / MLOps Engineer","CVS Health","Raleigh, NC, US","2025-07-14","fulltime","direct_data","yearly",83430.0,222480.0,"USD",True,"","","","","At CVS Health, we’re building a world of health around every consumer and surrounding ourselves with dedicated colleagues who are passionate about transforming health care.


As the nation’s leading health solutions company, we reach millions of Americans through our local presence, digital channels and more than 300,000 purpose\\-driven colleagues – caring for people where, when and how they choose in a way that is uniquely more connected, more convenient and more compassionate. And we do it all with heart, each and every day.

**Key Responsibilities**

* Design, implement, and maintain end\\-to\\-end ML pipelines in Azure Machine Learning.
* Develop and manage CI/CD pipelines for ML workflows using GitHub Actions.
* Deploy machine learning models to Azure Kubernetes Service (AKS) or other Azure\\-hosted endpoints.
* Monitor model performance and data drift; implement automated retraining strategies.
* Work with infrastructure teams to manage compute resources, storage, and security.
* Collaborate with data scientists to transition experimental code into production environments.
* Maintain reproducibility, versioning, and traceability of data, models, and code.
* Ensure best practices in MLOps, security, testing, and observability.

**Minimum Qualification:**

* 5\\+ years of experience in Data Science/Engineering roles
* Strong SQL and Python skills and experience

**Preferred Qualifications:**

* 2\\+ years of experience in MLOps, DevOps, or ML Engineering roles.
* Hands\\-on experience with Azure Machine Learning, Azure DevOps, Azure Kubernetes Service (AKS).
* Proficient with Git, GitHub, and GitHub Actions workflows.
* Familiarity with containerization using Docker, and orchestration via Kubernetes.
* Experience with model deployment, versioning, and monitoring in production.
* Knowledge of ML lifecycle tools (e.g., MLflow, DVC, Azure ML tracking).
* Experience with IaC tools like Terraform.
* Experience developing and deploying Generative AI and Large Language Models (LLMs) using frameworks such as Azure OpenAI Service.

**Education:**

* Bachelor's degree preferred/specialized training/relevant professional qualification.

**Anticipated Weekly Hours**


40**Time Type**


Full time**Pay Range**


The typical pay range for this role is:


$83,430\\.00 \\- $222,480\\.00
This pay range represents the base hourly rate or base annual full\\-time salary for all positions in the job grade within which this position falls. The actual base salary offer will depend on a variety of factors including experience, education, geography and other relevant factors. This position is eligible for a CVS Health bonus, commission or short\\-term incentive program in addition to the base pay range listed above.

  

Our people fuel our future. Our teams reflect the customers, patients, members and communities we serve and we are committed to fostering a workplace where every colleague feels valued and that they belong.

**Great benefits for great people**


We take pride in our comprehensive and competitive mix of pay and benefits – investing in the physical, emotional and financial wellness of our colleagues and their families to help them be the healthiest they can be. In addition to our competitive wages, our great benefits include:

* **Affordable medical plan options,** a **401(k) plan** (including matching company contributions), and an **employee stock purchase plan**.
* **No\\-cost programs for all colleagues** including wellness screenings, tobacco cessation and weight management programs, confidential counseling and financial coaching.
* **Benefit solutions that address the different needs and preferences of our colleagues** including paid time off, flexible work schedules, family leave, dependent care resources, colleague assistance programs, tuition assistance, retiree medical access and many other benefits depending on eligibility.


For more information, visit https://jobs.cvshealth.com/us/en/benefits


We anticipate the application window for this opening will close on: 08/15/2025
Qualified applicants with arrest or conviction records will be considered for employment in accordance with all federal, state and local laws.","","https://www.indeed.com/cmp/CVS-Health","https://d2q79iu7y748jz.cloudfront.net/s/_squarelogo/256x256/ef487bd4918a595f3e86081a6c389d41","https://jobs.cvshealth.com","Woonsocket, RI","10,000+","more than $10B (USD)","CVS Health is a pharmacy innovation company with a simple and clear purpose: Helping people on their path to better health.","","","","","",""
"li-4209786735","linkedin","https://www.linkedin.com/jobs/view/4209786735","","AI/ML Engineer, Research & Development","Bandwidth Inc.","Raleigh, NC","2025-07-17","","","","","","",False,"","","","","","","https://www.linkedin.com/company/bandwidth-inc","","","","","","","","","","","",""
"li-4268650091","linkedin","https://www.linkedin.com/jobs/view/4268650091","","Machine Learning Engineer","hackajob","Raleigh, NC","2025-07-17","","","","","","",False,"","","","","","","https://uk.linkedin.com/company/hackajob","","","","","","","","","","","",""
"li-4268119848","linkedin","https://www.linkedin.com/jobs/view/4268119848","","Senior Machine Learning Engineer","The TAgency","","2025-07-17","","","","","","",False,"","","","","","","https://www.linkedin.com/company/the-tagency","","","","","","","","","","","",""
"li-4131841831","linkedin","https://www.linkedin.com/jobs/view/4131841831","","Digital Data Archiving Systems Engineer","MrBeast","Greenville, NC","2025-07-16","","","","","","",False,"","","","","","","https://www.linkedin.com/company/mrbeastyoutube","","","","","","","","","","","",""
"li-4243892900","linkedin","https://www.linkedin.com/jobs/view/4243892900","","Data Engineer","Azurity Pharmaceuticals","Raleigh, NC","2025-07-16","","","","","","",False,"","","","","","","https://www.linkedin.com/company/azuritypharmaceuticals","","","","","","","","","","","",""
"li-4191499121","linkedin","https://www.linkedin.com/jobs/view/4191499121","","Research Engineer/Scientist","ERG","Raleigh, NC","2025-07-15","","","","","","",False,"","","","","","","https://www.linkedin.com/company/eastern-research-group-erg-","","","","","","","","","","","",""
"li-4267395179","linkedin","https://www.linkedin.com/jobs/view/4267395179","","Associate Software Engineer","Red Hat","Raleigh, NC","2025-07-15","","","","","","",False,"","","","","","","https://www.linkedin.com/company/red-hat","","","","","","","","","","","",""
"li-4267610143","linkedin","https://www.linkedin.com/jobs/view/4267610143","","Manager Data Science","LexisNexis","Raleigh, NC","2025-07-15","","","","","","",False,"","","","","","","https://www.linkedin.com/company/lexisnexis","","","","","","","","","","","",""
"li-4269115351","linkedin","https://www.linkedin.com/jobs/view/4269115351","","AI/ML Engineer, Research & Development","Lensa","Raleigh, NC","","","","","","","",False,"","","","","","","https://www.linkedin.com/company/lensa","","","","","","","","","","","",""
"li-4269120395","linkedin","https://www.linkedin.com/jobs/view/4269120395","","Data Analyst","Lensa","Raleigh, NC","","","","","","","",False,"","","","","","","https://www.linkedin.com/company/lensa","","","","","","","","","","","",""
"li-4269115457","linkedin","https://www.linkedin.com/jobs/view/4269115457","","Data Scientist, Product Analytics","Lensa","Raleigh, NC","","","","","","","",False,"","","","","","","https://www.linkedin.com/company/lensa","","","","","","","","","","","",""
"li-4268429315","linkedin","https://www.linkedin.com/jobs/view/4268429315","","Data Science","JOBS by allUP","","","","","","","","",False,"","","","","","","https://www.linkedin.com/company/jobs-by-allup","","","","","","","","","","","",""
"li-4269116640","linkedin","https://www.linkedin.com/jobs/view/4269116640","","Business Intelligence Intern","Lensa","Raleigh, NC","","","","","","","",False,"","","","","","","https://www.linkedin.com/company/lensa","","","","","","","","","","","",""
"li-4267483134","linkedin","https://www.linkedin.com/jobs/view/4267483134","","Data Analyst (Databricks)","DataStaff, Inc.","Raleigh, NC","","","","","","","",False,"","","","","","","https://www.linkedin.com/company/datastaff-inc","","","","","","","","","","","",""
"li-4255440210","linkedin","https://www.linkedin.com/jobs/view/4255440210","","AI Safety Scientist","UL Solutions","Raleigh, NC","","","","","","","",False,"","","","","","","https://www.linkedin.com/company/ulsolutions","","","","","","","","","","","",""
"li-4269114782","linkedin","https://www.linkedin.com/jobs/view/4269114782","","Associate Software Engineer","Lensa","Raleigh, NC","","","","","","","",False,"","","","","","","https://www.linkedin.com/company/lensa","","","","","","","","","","","",""
"li-4269117544","linkedin","https://www.linkedin.com/jobs/view/4269117544","","Associate Provider Data Analyst","Lensa","Raleigh, NC","","","","","","","",False,"","","","","","","https://www.linkedin.com/company/lensa","","","","","","","","","","","",""
"li-4266799330","linkedin","https://www.linkedin.com/jobs/view/4266799330","","Statistician","Integrated Resources, Inc ( IRI )","","","","","","","","",False,"","","","","","","https://www.linkedin.com/company/integrated-resources-inc","","","","","","","","","","","",""
"li-4227299873","linkedin","https://www.linkedin.com/jobs/view/4227299873","","Data Engineering Consultant","CAPTRUST","Raleigh, NC","","","","","","","",False,"","","","","","","https://www.linkedin.com/company/captrust","","","","","","","","","","","",""
"li-4268647610","linkedin","https://www.linkedin.com/jobs/view/4268647610","","Director of Data Platform and AI - Hybrid or Remote Opportunity","The Mutual Group","Raleigh, NC","","","","","","","",True,"","","","","","","https://www.linkedin.com/company/the-mutual-group","","","","","","","","","","","",""
